Time (%),Total Time (ns),Instances,Avg (ns),Med (ns),Min (ns),Max (ns),StdDev (ns),Name
59.9,306774860,400,766937.2,825294.0,92332,1189214,371090.5,void cutlass::Kernel2<cutlass_70_tensorop_s884gemm_f16_128x128_tn_align8>(T1::Params)
11.8,60467995,234,258410.2,349294.0,21763,360848,104479.4,"dequantize_row_q6_K_f16_vec_kernel(const void *, __half *, long long)"
7.7,39473904,48,822373.0,822845.5,813388,830894,3603.3,"void gated_delta_net_cuda<(int)128, (bool)0, (bool)0, (bool)1>(const float *, const float *, const float *, const float *, const float *, const float *, float *, float *, long long, long long, long long, long long, long long, long long, long long, long long, long long, long long, long long, long long, uint3, uint3, float, long long, int)"
5.4,27615832,104,265536.8,340845.5,20323,351215,101506.1,"dequantize_row_q5_K_f16_vec_kernel(const void *, __half *, long long)"
2.8,14353887,496,28939.3,22771.0,20738,71018,15515.9,"void convert_unary_cont_vec4<float, __half>(const void *, T2 *, long long)"
2.1,10844051,112,96821.9,132817.5,47366,134545,42261.3,"void unary_gated_op_kernel_f32_vec4<&op_silu>(const float *, const float *, float *, long long, long long, long long, long long)"
1.2,6030561,167,36111.1,3905.0,2752,359215,73155.0,"void dequantize_block_q8_0_f16<(bool)0>(const void *, __half *, long long)"
1.1,5879083,48,122480.9,122432.0,119728,125553,1407.0,"void concat_non_cont<unsigned int, (int)0>(const char *, const char *, char *, long long, long long, long long, long long, unsigned long long, unsigned long long, unsigned long long, unsigned long long, long long, long long, long long, long long, unsigned long long, unsigned long long, unsigned long long, unsigned long long, long long, long long, long long, long long, unsigned long long, unsigned long long, unsigned long long, unsigned long long)"
1.1,5622665,176,31947.0,42790.0,2112,46599,18215.0,"void k_bin_bcast<&op_add, float, float, float, const float *>(const T2 *, const T3 *, T4 *, unsigned int, unsigned int, unsigned int, uint3, uint3, uint3, uint3, uint3, unsigned int, unsigned int, unsigned int, unsigned int, unsigned int, unsigned int, unsigned int, unsigned int, unsigned int, unsigned int, unsigned int, T5...)"
1.0,5287550,48,110157.3,110047.0,107566,112815,1028.4,"void ssm_conv_long_token_f32<(bool)1, (unsigned long long)128, (unsigned long long)4, (long long)32>(const float *, const float *, const float *, int, int, int, int, float *, int, int, int, long long)"
0.9,4844801,16,302800.1,303224.0,293511,306504,3222.2,"void flash_attn_ext_f16<(int)256, (int)256, (int)32, (int)2, (bool)0, (bool)0, (bool)0>(const char *, const char *, const char *, const char *, const char *, const int *, float *, float2 *, float, float, float, float, unsigned int, float, int, uint3, int, int, int, int, int, int, int, int, int, int, int, long long, int, int, long long, int, int, int, int, int, long long)"
0.9,4393766,129,34060.2,33989.0,32292,38565,858.1,"void rms_norm_f32<(int)1024, (bool)1, (bool)0>(const float *, float *, int, long long, long long, long long, float, const float *, long long, long long, long long, uint3, uint3, uint3, uint3, const float *, long long, long long, long long, uint3, uint3, uint3, uint3)"
0.9,4365983,80,54574.8,69481.0,9538,72010,23539.1,"void rms_norm_f32<(int)256, (bool)1, (bool)0>(const float *, float *, int, long long, long long, long long, float, const float *, long long, long long, long long, uint3, uint3, uint3, uint3, const float *, long long, long long, long long, uint3, uint3, uint3, uint3)"
0.4,2163297,96,22534.3,22563.0,21635,23588,310.1,"void rms_norm_f32<(int)256, (bool)0, (bool)0>(const float *, float *, int, long long, long long, long long, float, const float *, long long, long long, long long, uint3, uint3, uint3, uint3, const float *, long long, long long, long long, uint3, uint3, uint3, uint3)"
0.4,2014859,3,671619.7,668537.0,667480,678842,6277.0,"void dequantize_block_iq4_xs<__half>(const void *, T1 *)"
0.4,1976293,96,20586.4,20419.0,19331,22467,665.0,void cutlass::Kernel2<cutlass_70_wmma_tensorop_s161616gemm_f16_32x32_64x2_tn_align8>(T1::Params)
0.3,1637657,192,8529.5,10353.0,2369,11650,3321.3,"scale_f32(const float *, float *, float, float, long long)"
0.3,1608181,1,1608181.0,1608181.0,1608181,1608181,0.0,"void mul_mat_vec_q<(ggml_type)8, (int)1, (bool)0, (bool)0, (bool)0>(const void *, const void *, const int *, ggml_cuda_mm_fusion_args_device, float *, unsigned int, uint3, unsigned int, unsigned int, unsigned int, uint3, unsigned int, unsigned int, unsigned int, uint3, unsigned int, unsigned int, unsigned int, unsigned int)"
0.3,1535301,64,23989.1,5345.0,4672,81066,32578.2,"void cpy_scalar<&cpy_1_scalar<float, float>>(const char *, char *, long long, long long, long long, long long, long long, long long, long long, long long, long long, long long, long long, long long, long long, long long, long long)"
0.3,1315118,2,657559.0,657559.0,652951,662167,6516.7,"void dequantize_block_iq4_nl<__half>(const void *, T1 *)"
0.2,794665,16,49666.6,49526.5,49095,50439,431.9,"void unary_gated_op_kernel_f32_vec4<&op_sigmoid>(const float *, const float *, float *, long long, long long, long long, long long)"
0.1,637844,2,318922.0,318922.0,241792,396052,109078.3,"void dequantize_block_q4_K<__half>(const void *, T1 *)"
0.1,612180,32,19130.6,19010.0,4865,33700,14312.9,"void fwht_cuda<(int)64>(const float *, float *, long long, float)"
0.1,456351,32,14261.0,14465.5,5377,23427,8561.5,"void rope_multi<(bool)1, (bool)0, float>(const T3 *, T3 *, int, int, int, int, int, int, int, int, int, int, int, const int *, float, float, float, rope_corr_dims, float, const float *, mrope_sections, bool, bool)"
0.1,381556,16,23847.3,23843.0,23363,24419,318.6,"void k_set_rows_quant<long long, block_q8_0, (int)32, &quantize_f32_q8_0_block>(const float *, const T1 *, T2 *, long long, long long, long long, long long, long long, long long, long long, long long, long long, long long, long long, long long, long long, long long, uint3, uint3, uint3, uint3, uint3)"
0.1,311787,48,6495.6,6401.0,5793,7938,450.5,"void k_get_rows_float_vec<float>(const T1 *, const int *, T1 *, long long, long long, uint3, unsigned long long, unsigned long long, unsigned long long, unsigned long long, unsigned long long, unsigned long long, unsigned long long, unsigned long long, unsigned long long)"
0.1,270368,96,2816.3,2688.0,2432,3776,403.9,"void cublasLt::splitKreduce_kernel<(int)32, (int)16, int, float, float, float, float, (bool)0, float, float, float, (bool)1, (bool)0, (bool)0, (bool)0>(cublasLt::cublasSplitKParams<T6>, const T4 *, const T10 *, T9 *, T5 *, const T6 *, const T6 *, const T11 *, const T4 *, T11 *, void *, long long, T6 *, int *, T6 *, T6 *, const T6 *, const T6 *, const T6 *, const T6 *, const T6 *)"
0.0,143795,49,2934.6,2976.0,2272,3649,434.5,"void k_get_rows_float<float, float>(const T1 *, const int *, T2 *, long long, long long, uint3, unsigned long long, unsigned long long, unsigned long long, unsigned long long, unsigned long long, unsigned long long, unsigned long long, unsigned long long, unsigned long long)"
0.0,116394,48,2424.9,2368.0,2112,3137,243.8,"void k_bin_bcast<&op_mul, float, float, float, const float *>(const T2 *, const T3 *, T4 *, unsigned int, unsigned int, unsigned int, uint3, uint3, uint3, uint3, uint3, unsigned int, unsigned int, unsigned int, unsigned int, unsigned int, unsigned int, unsigned int, unsigned int, unsigned int, unsigned int, unsigned int, T5...)"
0.0,101067,16,6316.7,6336.5,6144,6497,122.1,"void k_set_rows<float, long long, __half>(const T1 *, const T2 *, T3 *, long long, long long, long long, long long, long long, long long, long long, long long, long long, long long, long long, long long, long long, long long, uint3, uint3, uint3, uint3, uint3)"
0.0,89835,48,1871.6,1761.0,1536,2272,195.1,"void unary_op_kernel<&op_sigmoid, float>(const T2 *, T2 *, int)"
0.0,85129,48,1773.5,1760.5,1472,2305,291.1,"void unary_op_kernel<&op_softplus, float>(const T2 *, T2 *, int)"
0.0,1760,1,1760.0,1760.0,1760,1760,0.0,"quantize_q8_1(const float *, void *, long long, long long, long long, long long, long long, unsigned int, uint3)"
